## P0-03 donor-eligibility (q_k) sweep, 2026-09-16. DEVELOPMENT tier, scenario base_identifiable.
## Question: does donor blocking measurably change held-out error? If not, feature A has
## nothing to detect and the scenario parameters are wrong (approved plan, verification item 6).
##
## READ THE `design` COLUMN BEFORE COMPARING ROWS. Two designs appear here and they do not
## measure the same quantity:
##   two_arm   - blocked (12 donors, all their cells) vs leaky (24 donors, half sampled).
##               Sizes matched, DONOR COUNTS DID NOT. This confounds leakage with donor
##               count and is retained only as the composite it actually is.
##   three_arm - all arms draw the same number of cells; `leakage_at_fixed_donors` compares
##               12 donors without test donors against 12 donors WITH test donors, so it
##               isolates leakage. This is the quantity feature A is about.
##
## All runs: seed 11, K_fit = K_true = 7, inference_gene_fraction 0.5, equal_donor_mean
## (PROTOCOL §3.5), training-fitted per-gene std (§3.2), NNLS against a frozen dictionary
## on the inference genes, scored on the disjoint validation genes (§3.3-§3.4).
## Generated by: cnmfbench.diagnostics.donor_blocking_gap
## Relative values are (arm_a - arm_b) / mean(arm_b), paired per repeat on identical test cells.
design	config	q_k	coverage_realized	scaled_cosine_median	scaled_cosine_max	contrast	relative	paired_se_abs	paired_t	n_repeats
two_arm	A_current	1.0,1.0,0.5,0.5,0.15	1.0,1.0,0.5,0.542,0.167	0.6842	0.7953	blocked_vs_leaky_wide	0.01668	8.55341	1.43242	10
two_arm	B_spread	1.0,0.7,0.5,0.3,0.15	1.0,0.583,0.5,0.375,0.167	0.6922	0.7923	blocked_vs_leaky_wide	0.02741	13.00704	1.53207	10
two_arm	C_rarer	1.0,0.5,0.35,0.25,0.15	1.0,0.25,0.333,0.333,0.167	0.6916	0.7778	blocked_vs_leaky_wide	0.03850	15.49109	1.81005	10
two_arm	D_rarest	1.0,0.5,0.3,0.15,0.1	1.0,0.25,0.292,0.292,0.167	0.6885	0.7800	blocked_vs_leaky_wide	0.02433	12.82139	1.38629	10
